{"duration": 0.8875951766967773, "input_args": {}, "time": 1714675910.4567869}